DisNo.,Disaster Type,ISO,Country,Start Date,End Date,Total Deaths,No. Affected,Admin1,Admin1 Code
FAO-VIIRS-MDG,Flood,MDG,MDG,2024-11-16,2024-11-30,,3477,Alaotra Mangoro,MDG_Alaotra-Mangoro
FAO-VIIRS-MDG,Flood,MDG,MDG,2024-11-16,2024-11-30,,43902,Analanjirofo,MDG_Analanjirofo
FAO-VIIRS-MDG,Flood,MDG,MDG,2024-11-16,2024-11-30,,17147,Anosy,MDG_Anosy
FAO-VIIRS-MDG,Flood,MDG,MDG,2024-11-16,2024-11-30,,6254,Atsimo Andrefana,MDG_Atsimo-Andrefana
FAO-VIIRS-MDG,Flood,MDG,MDG,2024-11-16,2024-11-30,,31692,Atsimo Atsinanana,MDG_Atsimo-Atsinanana
FAO-VIIRS-MDG,Flood,MDG,MDG,2024-11-16,2024-11-30,,45128,Atsinanana,MDG_Atsinanana
FAO-VIIRS-MDG,Flood,MDG,MDG,2024-11-16,2024-11-30,,2429,Betsiboka,MDG_Betsiboka
FAO-VIIRS-MDG,Flood,MDG,MDG,2024-11-16,2024-11-30,,75050,Boeny,MDG_Boeny
FAO-VIIRS-MDG,Flood,MDG,MDG,2024-11-16,2024-11-30,,48136,Diana,MDG_Diana
FAO-VIIRS-MDG,Flood,MDG,MDG,2024-11-16,2024-11-30,,10075,Melaky,MDG_Melaky
FAO-VIIRS-MDG,Flood,MDG,MDG,2024-11-16,2024-11-30,,8818,Menabe,MDG_Menabe
FAO-VIIRS-MDG,Flood,MDG,MDG,2024-11-16,2024-11-30,,27610,Sava,MDG_Sava
FAO-VIIRS-MDG,Flood,MDG,MDG,2024-11-16,2024-11-30,,18926,Sofia,MDG_Sofia
FAO-VIIRS-MDG,Flood,MDG,MDG,2024-11-16,2024-11-30,,53083,Vatovavy Fitovinany,MDG_Vatovavy-Fitovinany
FAO-VIIRS-MWI,Flood,MWI,MWI,2024-11-16,2024-11-30,,211520,Central,MWI_Central Region
FAO-VIIRS-MWI,Flood,MWI,MWI,2024-11-16,2024-11-30,,213403,Northern,MWI_Northern Region
FAO-VIIRS-MWI,Flood,MWI,MWI,2024-11-16,2024-11-30,,201863,Southern,MWI_Southern Region
FAO-VIIRS-SDN,Flood,SDN,SDN,2024-11-16,2024-11-30,,1635,Abyei PCA,SDN_Abyei PCA
FAO-VIIRS-SDN,Flood,SDN,SDN,2024-11-16,2024-11-30,,103059,Blue Nile,SDN_Blue Nile
FAO-VIIRS-SDN,Flood,SDN,SDN,2024-11-16,2024-11-30,,403,Central Darfur,SDN_Central Darfur
FAO-VIIRS-SDN,Flood,SDN,SDN,2024-11-16,2024-11-30,,98598,East Darfur,SDN_East Darfur
FAO-VIIRS-SDN,Flood,SDN,SDN,2024-11-16,2024-11-30,,56950,Gedaref,SDN_Gedaref
FAO-VIIRS-SDN,Flood,SDN,SDN,2024-11-16,2024-11-30,,23604,Kassala,SDN_Kassala
FAO-VIIRS-SDN,Flood,SDN,SDN,2024-11-16,2024-11-30,,1248369,Khartoum,SDN_Khartoum
FAO-VIIRS-SDN,Flood,SDN,SDN,2024-11-16,2024-11-30,,22373,North Darfur,SDN_North Darfur
FAO-VIIRS-SDN,Flood,SDN,SDN,2024-11-16,2024-11-30,,28026,North Kordofan,SDN_North Kordofan
FAO-VIIRS-SDN,Flood,SDN,SDN,2024-11-16,2024-11-30,,116446,Northern,SDN_Northern
FAO-VIIRS-SDN,Flood,SDN,SDN,2024-11-16,2024-11-30,,212231,Red Sea,SDN_Red Sea
FAO-VIIRS-SDN,Flood,SDN,SDN,2024-11-16,2024-11-30,,285106,River Nile,SDN_River Nile
FAO-VIIRS-SDN,Flood,SDN,SDN,2024-11-16,2024-11-30,,183103,Sennar,SDN_Sennar
FAO-VIIRS-SDN,Flood,SDN,SDN,2024-11-16,2024-11-30,,12636,South Darfur,SDN_South Darfur
FAO-VIIRS-SDN,Flood,SDN,SDN,2024-11-16,2024-11-30,,8385,South Kordofan,SDN_South Kordofan
FAO-VIIRS-SDN,Flood,SDN,SDN,2024-11-16,2024-11-30,,39753,West Kordofan,SDN_West Kordofan
FAO-VIIRS-SDN,Flood,SDN,SDN,2024-11-16,2024-11-30,,282818,White Nile,SDN_White Nile
FAO-VIIRS-SOM,Flood,SOM,SOM,2024-11-16,2024-11-30,,9509,Awdal,SOM_Awdal
FAO-VIIRS-SOM,Flood,SOM,SOM,2024-11-16,2024-11-30,,561738,Banadir,SOM_Banadir
FAO-VIIRS-SOM,Flood,SOM,SOM,2024-11-16,2024-11-30,,9601,Bari,SOM_Bari
FAO-VIIRS-SOM,Flood,SOM,SOM,2024-11-16,2024-11-30,,5974,Galgaduud,SOM_Galgaduud
FAO-VIIRS-SOM,Flood,SOM,SOM,2024-11-16,2024-11-30,,4100,Gedo,SOM_Gedo
FAO-VIIRS-SOM,Flood,SOM,SOM,2024-11-16,2024-11-30,,15940,Hiraan,SOM_Hiiraan
FAO-VIIRS-SOM,Flood,SOM,SOM,2024-11-16,2024-11-30,,126773,Lower Juba,SOM_Lower Juba
FAO-VIIRS-SOM,Flood,SOM,SOM,2024-11-16,2024-11-30,,157215,Lower Shabelle,SOM_Lower Shebelle
FAO-VIIRS-SOM,Flood,SOM,SOM,2024-11-16,2024-11-30,,51603,Middle Juba,SOM_Middle Juba
FAO-VIIRS-SOM,Flood,SOM,SOM,2024-11-16,2024-11-30,,245149,Middle Shabelle,SOM_Middle Shebelle
FAO-VIIRS-SOM,Flood,SOM,SOM,2024-11-16,2024-11-30,,16455,Mudug,SOM_Mudug
FAO-VIIRS-SOM,Flood,SOM,SOM,2024-11-16,2024-11-30,,5126,Nugaal,SOM_Nugaal
FAO-VIIRS-SOM,Flood,SOM,SOM,2024-11-16,2024-11-30,,1550,Sanaag,SOM_Sanaag
FAO-VIIRS-SOM,Flood,SOM,SOM,2024-11-16,2024-11-30,,427,Sool,SOM_Sool
FAO-VIIRS-SOM,Flood,SOM,SOM,2024-11-16,2024-11-30,,4311,Woqooyi Galbeed,SOM_Woqooyi Galbeed
FAO-VIIRS-SSD,Flood,SSD,SSD,2024-11-16,2024-11-30,,33221,Central Equatoria,SSD_Central Equatoria
FAO-VIIRS-SSD,Flood,SSD,SSD,2024-11-16,2024-11-30,,29250,Eastern Equatoria,SSD_Eastern Equatoria
FAO-VIIRS-SSD,Flood,SSD,SSD,2024-11-16,2024-11-30,,366666,Jonglei,SSD_Jonglei
FAO-VIIRS-SSD,Flood,SSD,SSD,2024-11-16,2024-11-30,,160480,Lakes,SSD_Lakes
FAO-VIIRS-SSD,Flood,SSD,SSD,2024-11-16,2024-11-30,,245178,Northern Bahr el Ghazal,SSD_Northern Bahr el Gha
FAO-VIIRS-SSD,Flood,SSD,SSD,2024-11-16,2024-11-30,,655498,Unity,SSD_Unity
FAO-VIIRS-SSD,Flood,SSD,SSD,2024-11-16,2024-11-30,,298650,Upper Nile,SSD_Upper Nile
FAO-VIIRS-SSD,Flood,SSD,SSD,2024-11-16,2024-11-30,,709395,Warrap,SSD_Warrap
FAO-VIIRS-SSD,Flood,SSD,SSD,2024-11-16,2024-11-30,,21692,Western Bahr el Ghazal,SSD_Western Bahr el Ghaz
FAO-VIIRS-SSD,Flood,SSD,SSD,2024-11-16,2024-11-30,,4143,Western Equatoria,SSD_Western Equatoria
FAO-VIIRS-TZA,Flood,TZA,TZA,2024-11-16,2024-11-30,,20958,Arusha,TZA_Arusha
FAO-VIIRS-TZA,Flood,TZA,TZA,2024-11-16,2024-11-30,,326186,Dar-es-salaam,TZA_Dar es Salaam
FAO-VIIRS-TZA,Flood,TZA,TZA,2024-11-16,2024-11-30,,24408,Dodoma,TZA_Dodoma
FAO-VIIRS-TZA,Flood,TZA,TZA,2024-11-16,2024-11-30,,44804,Geita,TZA_Geita
FAO-VIIRS-TZA,Flood,TZA,TZA,2024-11-16,2024-11-30,,7756,Iringa,TZA_Iringa
FAO-VIIRS-TZA,Flood,TZA,TZA,2024-11-16,2024-11-30,,62243,Kagera,TZA_Kagera
FAO-VIIRS-TZA,Flood,TZA,TZA,2024-11-16,2024-11-30,,18735,Katavi,TZA_Katavi
FAO-VIIRS-TZA,Flood,TZA,TZA,2024-11-16,2024-11-30,,20916,Kigoma,TZA_Kigoma
FAO-VIIRS-TZA,Flood,TZA,TZA,2024-11-16,2024-11-30,,9527,Kilimanjaro,TZA_Kilimanjaro
FAO-VIIRS-TZA,Flood,TZA,TZA,2024-11-16,2024-11-30,,49199,Lindi,TZA_Lindi
FAO-VIIRS-TZA,Flood,TZA,TZA,2024-11-16,2024-11-30,,27273,Manyara,TZA_Manyara
FAO-VIIRS-TZA,Flood,TZA,TZA,2024-11-16,2024-11-30,,78097,Mara,TZA_Mara
FAO-VIIRS-TZA,Flood,TZA,TZA,2024-11-16,2024-11-30,,14285,Mbeya,TZA_Mbeya
FAO-VIIRS-TZA,Flood,TZA,TZA,2024-11-16,2024-11-30,,33163,Morogoro,TZA_Morogoro
FAO-VIIRS-TZA,Flood,TZA,TZA,2024-11-16,2024-11-30,,31241,Mtwara,TZA_Mtwara
FAO-VIIRS-TZA,Flood,TZA,TZA,2024-11-16,2024-11-30,,125735,Mwanza,TZA_Mwanza
FAO-VIIRS-TZA,Flood,TZA,TZA,2024-11-16,2024-11-30,,54120,Pwani,TZA_Pwani
FAO-VIIRS-TZA,Flood,TZA,TZA,2024-11-16,2024-11-30,,68668,Rukwa,TZA_Rukwa
FAO-VIIRS-TZA,Flood,TZA,TZA,2024-11-16,2024-11-30,,49342,Shinyanga,TZA_Shinyanga
FAO-VIIRS-TZA,Flood,TZA,TZA,2024-11-16,2024-11-30,,15455,Simiyu,TZA_Simiyu
FAO-VIIRS-TZA,Flood,TZA,TZA,2024-11-16,2024-11-30,,38768,Singida,TZA_Singida
FAO-VIIRS-TZA,Flood,TZA,TZA,2024-11-16,2024-11-30,,28465,Tabora,TZA_Tabora
FAO-VIIRS-TZA,Flood,TZA,TZA,2024-11-16,2024-11-30,,48167,Tanga,TZA_Tanga
FAO-VIIRS-ZMB,Flood,ZMB,ZMB,2024-11-16,2024-11-30,,3434,Central,ZMB_Central
FAO-VIIRS-ZMB,Flood,ZMB,ZMB,2024-11-16,2024-11-30,,36486,Copperbelt,ZMB_Copperbelt
FAO-VIIRS-ZMB,Flood,ZMB,ZMB,2024-11-16,2024-11-30,,67169,Luapula,ZMB_Luapula
FAO-VIIRS-ZMB,Flood,ZMB,ZMB,2024-11-16,2024-11-30,,86113,Lusaka,ZMB_Lusaka
FAO-VIIRS-ZMB,Flood,ZMB,ZMB,2024-11-16,2024-11-30,,3770,Muchinga,ZMB_Muchinga
FAO-VIIRS-ZMB,Flood,ZMB,ZMB,2024-11-16,2024-11-30,,14935,North-Western,ZMB_North-Western
FAO-VIIRS-ZMB,Flood,ZMB,ZMB,2024-11-16,2024-11-30,,20152,Northern,ZMB_Northern
FAO-VIIRS-ZMB,Flood,ZMB,ZMB,2024-11-16,2024-11-30,,12586,Southern,ZMB_Southern
FAO-VIIRS-ZMB,Flood,ZMB,ZMB,2024-11-16,2024-11-30,,6280,Western,ZMB_Western
